,City,Cloudiness,Country,Date,Humidity,Latitude,Longtitude,Max Temp,Wind Speed
0,ilulissat,0,GL,1547257800,43,69.22,-51.1,-7.61,1.12
1,warmbad,92,DE,1547259600,80,50.67,13.08,39.2,11.41
2,tuatapere,0,NZ,1547259375,73,-46.13,167.69,62.93,5.06
3,avallon,92,FR,1547260768,97,47.49,3.91,34.45,5.39
4,maceio,0,BR,1547258400,73,-9.67,-35.74,77.0,3.36
5,hermanus,12,ZA,1547257990,100,-34.42,19.24,48.49,3.15
6,nouadhibou,0,MR,1547260287,82,20.93,-17.03,57.22,6.73
7,arraial do cabo,8,BR,1547259341,86,-22.97,-42.02,77.42,16.46
8,bredasdorp,32,ZA,1547258400,81,-34.53,20.04,53.6,5.82
9,benguela,44,AO,1547260769,100,-12.58,13.4,75.17,2.93
10,talnakh,32,RU,1547259605,77,69.49,88.39,-38.19,4.27
11,awjilah,0,LY,1547260311,37,29.14,21.3,48.44,12.21
12,poum,56,MK,1547260769,80,41.28,20.71,12.85,1.81
13,upernavik,32,GL,1547259593,100,72.79,-56.15,-6.28,5.73
14,victoria,75,BN,1547258400,74,5.28,115.24,86.0,3.36
15,rikitea,80,PF,1547259459,100,-23.12,-134.97,79.36,17.25
16,rancho cucamonga,75,US,1547260200,68,34.1,-117.58,62.6,8.05
17,san cristobal,40,EC,1547258400,100,-0.39,-78.55,55.4,3.36
18,kodiak,90,US,1547258100,100,39.95,-94.76,33.8,5.82
19,yellowknife,90,CA,1547254800,84,62.45,-114.38,5.0,11.41
20,torbay,75,CA,1547254800,97,47.66,-52.73,32.0,16.11
21,sinnamary,64,GF,1547260278,94,5.38,-52.96,79.13,10.2
22,luanda,40,AO,1547258400,83,-8.83,13.24,78.8,4.7
23,narsaq,75,GL,1547257800,55,60.91,-46.05,37.4,25.28
24,port elizabeth,1,US,1547258160,39,39.31,-74.98,30.92,7.18
25,puerto ayora,48,EC,1547259345,100,-0.74,-90.35,76.39,9.19
26,plettenberg bay,36,ZA,1547259647,100,-34.05,23.37,63.97,19.26
27,provideniya,20,RU,1547259359,100,64.42,-173.23,-11.23,17.92
28,prince rupert,90,CA,1547258400,93,54.32,-130.32,42.8,4.7
29,kapaa,40,US,1547258160,64,22.08,-159.32,78.98,12.75
30,lebu,0,ET,1547254800,49,8.96,38.73,48.2,9.17
31,thompson,75,CA,1547254800,70,55.74,-97.86,-4.01,2.24
32,geraldton,20,CA,1547254800,70,49.72,-86.95,-5.81,2.24
33,saint george,90,GR,1547257800,93,39.45,22.34,37.4,8.05
34,busselton,0,AU,1547259451,81,-33.64,115.35,74.32,11.77
35,mareeba,90,AU,1547258400,78,-16.99,145.42,82.4,8.05
36,san patricio,80,PY,1547259643,82,-26.98,-56.83,78.1,3.94
37,necochea,8,AR,1547260488,69,-38.55,-58.74,60.19,11.77
38,bluff,0,AU,1547258176,53,-23.58,149.07,87.77,8.63
39,saint-philippe,1,CA,1547258100,59,45.36,-73.48,5.0,4.7
40,shieli,64,KZ,1547260363,81,44.18,66.74,13.97,3.38
41,harper,90,US,1547258100,94,30.3,-99.24,56.12,4.7
42,quthing,0,LS,1547260771,52,-30.4,27.7,50.42,2.48
43,hyvinkaa,0,FI,1547259600,86,60.63,24.87,30.2,10.29
44,honiara,80,SB,1547260771,98,-9.43,159.96,79.27,2.37
45,norman wells,75,CA,1547254800,73,65.28,-126.83,-36.41,2.24
46,annonay,90,FR,1547258400,86,45.24,4.67,33.8,11.65
47,tortoli,5,IT,1547258100,60,39.93,9.66,42.8,11.41
48,hobart,0,AU,1547256600,44,-42.88,147.33,71.6,16.11
49,atuona,0,PF,1547259214,100,-9.8,-139.03,81.47,16.24
50,grenville,5,CA,1547258400,59,45.62,-74.6,5.0,4.7
51,ushuaia,40,AR,1547254800,42,-54.81,-68.31,46.4,11.41
52,namibe,8,AO,1547259607,100,-15.19,12.15,73.19,3.15
53,saldanha,0,PT,1547259609,86,41.42,-6.55,19.37,3.49
54,khorramshahr,32,IR,1547258400,80,30.43,48.18,39.2,4.7
55,vaini,0,IN,1547254800,76,15.34,74.49,55.4,2.93
56,ucluelet,20,CA,1547254800,93,48.94,-125.55,46.4,1.92
57,chokurdakh,0,RU,1547259593,0,70.62,147.9,-39.99,2.93
58,tiksi,32,RU,1547259461,47,71.64,128.87,-29.14,6.4
59,praia,0,BR,1547254800,64,-20.25,-43.81,73.4,4.5
60,severo-kurilsk,76,RU,1547259614,100,50.68,156.12,32.24,24.52
61,cabo san lucas,0,MX,1547259638,100,22.89,-109.91,72.52,2.37
62,sri aman,75,MY,1547258400,79,1.24,111.46,84.2,2.24
63,leningradskiy,8,RU,1547260021,88,69.38,178.42,-14.2,14.45
64,big spring,90,US,1547259300,77,32.25,-101.48,50.9,8.05
65,bethel,1,US,1547258880,76,60.79,-161.76,-22.01,19.46
66,dunedin,0,NZ,1547260318,76,-45.87,170.5,60.46,7.63
67,okato,0,NZ,1547260774,78,-39.19,173.88,72.16,5.84
68,manzhouli,44,CN,1547260774,72,49.6,117.43,-0.84,4.61
69,santa cruz,90,US,1547259600,76,36.97,-122.03,59.0,12.75
70,qaanaaq,24,GL,1547259589,100,77.48,-69.36,-18.16,10.54
71,mataura,0,NZ,1547259845,53,-46.19,168.86,69.91,4.05
72,makakilo city,20,US,1547258220,60,21.35,-158.09,78.98,10.29
73,marivan,8,IR,1547260775,60,35.52,46.18,15.19,4.16
74,ribeira grande,20,PT,1547256600,77,38.52,-28.7,59.0,17.22
75,ponta do sol,64,BR,1547259592,78,-20.63,-46.0,69.01,3.38
76,hofn,0,IS,1547260037,96,64.25,-15.21,40.21,15.79
77,valdepenas,0,ES,1547260776,85,38.76,-3.38,23.78,7.96
78,punta arenas,75,CL,1547258400,100,-53.16,-70.91,44.6,27.51
79,kosikha,0,RU,1547258400,77,53.36,84.58,-2.21,6.71
80,aklavik,90,CA,1547258400,67,68.22,-135.01,-22.01,3.36
81,verkhnyaya inta,80,RU,1547260776,69,65.99,60.32,1.42,4.94
82,laguna,0,MX,1547260639,83,27.52,-110.01,61.49,2.71
83,espera feliz,64,BR,1547260776,93,-20.65,-41.91,65.5,4.27
84,avera,1,US,1547259300,77,33.19,-82.53,44.6,3.36
85,dikson,0,RU,1547259461,94,73.51,80.55,-21.31,17.92
86,sidi ali,0,DZ,1547260777,89,36.1,0.42,30.04,3.38
87,comodoro rivadavia,0,AR,1547258400,42,-45.87,-67.48,66.2,14.99
88,lucapa,24,AO,1547260777,95,-8.42,20.74,65.77,2.71
89,pisco,75,PE,1547258400,88,-13.71,-76.2,71.6,16.11
90,sao filipe,0,CV,1547259606,99,14.9,-24.5,71.66,10.87
91,mar del plata,36,AR,1547259587,42,-46.43,-67.52,65.81,20.49
92,fortuna,0,ES,1547256600,44,38.18,-1.13,37.4,4.7
93,katsuura,90,JP,1547258400,81,33.93,134.5,42.8,5.82
94,san juan del parana,0,PY,1547258400,83,-27.3,-55.97,78.8,5.82
95,saint-pierre,90,FR,1547256600,93,48.95,4.24,42.8,9.17
96,hami,44,CN,1547260260,57,42.84,93.51,4.66,2.71
97,salinopolis,92,BR,1547259656,100,-0.61,-47.36,75.98,5.39
98,jamestown,0,AU,1547259581,44,-33.21,138.6,88.0,11.77
99,butaritari,76,KI,1547259462,100,3.07,172.79,83.63,12.77
100,hithadhoo,88,MV,1547259598,100,-0.6,73.08,79.04,0.36
101,faanui,92,PF,1547259435,100,-16.48,-151.75,83.41,17.58
102,avarua,75,CK,1547258400,74,-21.21,-159.78,84.2,9.17
103,shellbrook,75,CA,1547258400,77,53.22,-106.39,-2.21,3.36
104,yulara,0,AU,1547258400,12,-25.24,130.99,104.0,11.41
105,aykhal,24,RU,1547260392,32,65.95,111.51,-23.34,6.62
106,cape town,100,ZA,1547254800,93,-33.93,18.42,51.8,2.24
107,pangody,0,RU,1547260778,57,65.85,74.49,-19.6,14.56
108,mus,0,FR,1547258400,69,43.74,4.2,41.0,6.93
109,yarmouth,36,GB,1547257800,87,50.71,-1.5,44.6,6.93
110,hilo,90,US,1547257980,68,19.71,-155.08,75.92,5.82
111,grindavik,90,IS,1547258400,100,63.84,-22.43,37.4,24.16
112,cap malheureux,40,MU,1547258400,88,-19.98,57.61,78.8,6.93
113,vestmanna,92,FO,1547257800,87,62.16,-7.17,44.6,25.28
114,ajdabiya,0,LY,1547260360,44,30.75,20.22,45.47,10.42
115,bambous virieux,40,MU,1547258400,88,-20.34,57.76,78.8,6.93
116,nanortalik,48,GL,1547259599,89,60.14,-45.24,31.07,43.87
117,marzuq,0,YE,1547260779,78,14.4,46.47,36.92,2.15
118,nanyuki,0,KE,1547260779,82,0.01,37.07,39.76,3.49
119,alice springs,0,AU,1547258400,13,-23.7,133.88,105.8,18.34
120,sorong,44,ID,1547260780,99,-0.86,131.25,84.08,9.31
121,komsomolskiy,64,RU,1547260780,86,67.55,63.78,2.05,14.79
122,albany,1,US,1547258040,60,42.65,-73.75,12.02,18.34
123,maningrida,8,AU,1547260780,86,-12.05,134.23,89.89,5.84
124,wichita falls,90,US,1547259300,96,33.91,-98.49,53.96,14.99
125,fare,88,PF,1547260780,100,-16.7,-151.02,83.14,16.58
126,mabaruma,88,GY,1547260780,84,8.2,-59.78,77.78,7.18
127,ust-tsilma,88,RU,1547260382,73,65.44,52.15,16.99,10.09
128,sumenep,68,ID,1547260699,100,-7.02,113.87,83.36,3.6
129,castro,90,CL,1547258400,100,-42.48,-73.76,53.6,9.17
130,klaksvik,88,FO,1547257800,87,62.23,-6.59,44.6,25.28
131,dingle,20,PH,1547259450,70,11.0,122.67,82.64,10.65
132,pevek,0,RU,1547259606,86,69.7,170.27,-13.89,4.38
133,barrow,0,AR,1547259449,56,-38.31,-60.23,61.67,12.1
134,rapid valley,1,US,1547259300,82,44.06,-103.15,36.14,12.75
135,chapais,90,CA,1547257380,69,49.78,-74.86,-9.41,10.29
136,georgetown,20,GY,1547258400,88,6.8,-58.16,78.8,4.7
137,bonavista,36,CA,1547260781,97,48.65,-53.11,31.12,18.25
138,cidreira,92,BR,1547259628,99,-30.17,-50.22,71.66,9.31
139,vostok,0,RU,1547259444,55,46.45,135.83,13.61,1.14
140,mandiana,0,GN,1547260782,49,10.62,-8.7,63.83,5.73
141,reyes,36,BO,1547260344,96,-14.3,-67.34,71.71,2.48
142,manono,76,CD,1547260782,93,-7.3,27.4,71.89,2.59
143,boston,0,US,1547258160,48,42.36,-71.06,19.94,14.99
144,san policarpo,48,PH,1547260782,89,12.18,125.51,81.56,11.77
145,kondinskoye,68,RU,1547260782,79,59.65,67.41,-0.84,7.74
146,payson,40,US,1547258160,96,40.04,-111.73,32.0,9.17
147,bosaso,0,SO,1547260380,100,11.28,49.18,74.36,9.98
148,shache,44,CN,1547260783,79,38.42,77.24,12.89,2.82
149,chipata,44,ZM,1547260783,94,-13.64,32.65,65.81,3.38
150,bandarbeyla,92,SO,1547260291,100,9.49,50.81,75.26,16.69
151,florianopolis,40,BR,1547258400,78,-27.6,-48.55,78.8,6.93
152,batagay,32,RU,1547260783,0,67.65,134.64,-44.17,2.93
153,sao joao dos patos,32,BR,1547260783,89,-6.5,-43.7,75.17,5.39
154,padang,40,ID,1547258400,79,-0.92,100.36,84.2,4.7
155,progreso,0,UY,1547258400,72,-34.68,-56.22,64.4,6.93
156,port alfred,0,ZA,1547259582,83,-33.59,26.89,66.89,22.5
157,airai,12,TL,1547259427,66,-8.93,125.41,84.17,2.26
158,albertville,75,FR,1547259600,80,45.68,6.39,32.0,2.24
159,soyo,92,AO,1547260552,100,-6.13,12.37,74.81,2.37
160,sao miguel do araguaia,64,BR,1547260784,94,-13.28,-50.16,72.61,2.93
161,vestmannaeyjar,0,IS,1547260784,97,63.44,-20.27,41.74,24.29
162,san lawrenz,40,MT,1547259300,75,36.06,14.2,44.6,9.17
163,metro,56,ID,1547260325,98,-5.11,105.31,79.9,5.73
164,port lincoln,0,AU,1547259610,77,-34.72,135.86,70.45,17.47
165,hasaki,75,JP,1547258400,64,35.73,140.83,41.0,8.05
166,raudeberg,76,NO,1547259600,100,61.99,5.14,37.4,11.41
167,bischwiller,92,FR,1547259600,97,48.77,7.86,33.8,11.41
168,biak,8,ID,1547260306,100,-0.91,122.88,82.96,2.15
169,arman,32,RU,1547259646,73,59.7,150.17,5.42,5.39
170,zabaykalsk,44,CN,1547260785,72,49.64,117.33,-0.84,4.61
171,tasiilaq,80,GL,1547257800,78,65.61,-37.64,17.6,4.7
172,ketchikan,75,US,1547258520,92,55.34,-131.65,42.98,5.82
173,chuy,92,UY,1547259451,90,-33.69,-53.46,65.18,7.18
174,souillac,90,FR,1547256600,93,45.6,-0.6,41.0,1.81
175,kholmy,68,UA,1547260786,84,51.87,32.6,4.88,10.09
176,xiaoweizhai,92,CN,1547260786,100,26.23,107.51,43.49,3.6
177,marsh harbour,88,BS,1547260332,100,26.54,-77.06,71.12,13.56
178,kenai,1,US,1547258160,78,60.55,-151.26,-0.94,8.05
179,mount gambier,0,AU,1547254800,40,-37.83,140.78,73.4,19.46
180,reus,0,ES,1547258400,80,41.16,1.11,30.2,4.7
181,vanimo,12,PG,1547260786,100,-2.67,141.3,83.05,14.23
182,noumea,80,NC,1547258400,94,-22.28,166.46,80.6,6.93
183,wajir,0,KE,1547260787,44,1.75,40.07,68.29,6.62
184,new norfolk,0,AU,1547256600,49,-42.78,147.06,71.6,16.11
185,pangai,40,TO,1547258400,74,-19.8,-174.35,84.2,16.11
186,ginda,0,IN,1547260787,88,30.69,78.49,27.16,2.15
187,rauma,0,FI,1547259600,69,61.13,21.5,35.6,16.11
188,rairangpur,0,IN,1547258400,87,22.27,86.18,51.8,2.37
189,montauban,90,FR,1547258400,86,44.02,1.35,37.4,9.17
190,khokhryaki,80,RU,1547260788,83,56.92,53.32,14.2,10.65
191,vao,44,EE,1547259642,85,59.1,26.19,31.43,11.43
192,kaveripattinam,80,IN,1547260788,97,12.42,78.22,59.87,4.16
193,pacific grove,90,US,1547258400,86,36.62,-121.92,57.92,14.79
194,fairbanks,20,US,1547258280,68,64.84,-147.72,-37.48,2.71
195,eureka,75,US,1547258100,59,40.8,-124.16,59.0,9.17
196,esmeraldas,0,BR,1547258400,64,-19.76,-44.31,73.4,6.93
197,mahebourg,40,MU,1547258400,88,-20.41,57.7,78.8,6.93
198,seymchan,32,RU,1547260788,86,62.93,152.39,-20.55,2.71
199,jimenez,20,PA,1547258400,73,8.54,-82.37,77.0,9.17
200,waingapu,32,ID,1547259658,80,-9.65,120.26,85.07,4.72
201,magadan,48,RU,1547260789,100,59.56,150.8,20.77,19.71
202,marienburg,75,DE,1547259600,87,52.12,9.98,42.8,13.87
203,touros,0,BR,1547258400,78,-5.2,-35.46,78.8,4.7
204,yumen,0,CN,1547260789,57,40.29,97.04,5.06,3.94
205,timaru,68,NZ,1547260296,100,-44.39,171.25,57.62,5.73
206,boguchany,44,RU,1547259641,75,58.38,97.46,-7.45,3.38
207,ariquemes,24,BR,1547260789,91,-9.91,-63.03,74.27,2.04
208,meulaboh,24,ID,1547260360,100,4.14,96.13,80.8,2.71
209,carnarvon,8,ZA,1547259380,82,-30.97,22.13,50.11,5.5
210,shkoder,0,AL,1547258400,50,42.07,19.51,33.8,8.05
211,hit,0,IQ,1547260790,77,33.64,42.83,31.16,3.15
212,amga,64,RU,1547260790,83,60.89,131.98,-19.47,2.71
213,nikolskoye,75,RU,1547256600,79,59.7,30.79,33.8,15.66
214,nambucca heads,32,AU,1547258400,61,-30.64,152.99,80.6,19.46
215,tessalit,56,ML,1547259362,20,20.2,1.01,46.6,10.2
216,vung tau,48,VN,1547260790,88,10.35,107.08,82.06,16.69
217,gushikawa,90,JP,1547258400,78,26.35,127.87,73.4,11.41
218,lagoa,0,PT,1547256600,39,37.14,-8.45,46.4,8.05
219,east london,0,ZA,1547259440,100,-33.02,27.91,70.13,30.33
220,kargopol,88,RU,1547260791,87,61.51,38.95,20.32,20.15
221,khatanga,48,RU,1547259394,58,71.98,102.47,-32.79,9.64
222,portland,1,US,1547257980,72,45.52,-122.67,48.92,8.05
223,wangqing,24,CN,1547260791,61,43.31,129.76,25.31,1.7
224,seidu,0,NG,1547260791,57,8.32,4.47,66.53,3.15
225,te anau,0,NZ,1547259646,31,-45.41,167.72,71.21,2.59
226,hamilton,90,CA,1547258400,67,43.26,-79.87,19.4,2.24
227,egvekinot,0,RU,1547260792,0,66.32,-179.17,-44.17,2.59
228,duki,24,PK,1547260792,79,30.15,68.58,40.34,1.92
229,uspenka,76,UA,1547260792,94,48.39,39.16,31.34,13.44
230,valparaiso,90,US,1547259300,85,41.47,-87.06,32.0,5.82
231,termiz,20,AF,1547258400,88,37.23,67.28,39.2,2.24
232,tura,0,IN,1547260781,78,25.52,90.21,60.14,4.61
233,huancavelica,92,PE,1547260793,98,-12.79,-74.97,40.12,1.03
234,mincivan,64,AZ,1547260793,65,39.03,46.72,23.02,3.15
235,berlevag,68,NO,1547259629,100,70.86,29.09,19.6,4.38
236,elk city,90,US,1547260500,99,35.41,-99.4,51.08,11.41
237,tual,80,ID,1547259608,100,-5.67,132.75,82.73,11.77
238,omboue,20,GA,1547260329,100,-1.57,9.26,77.78,4.94
239,mahon,75,IE,1547260200,93,51.89,-8.4,46.4,6.93
240,aksarka,76,RU,1547260793,63,66.56,67.8,-13.62,14.67
241,cayenne,0,GF,1547258400,88,4.94,-52.33,75.2,2.24
242,naze,8,NG,1547260794,91,5.43,7.07,73.6,7.4
243,evensk,0,RU,1547260294,100,61.92,159.24,14.65,15.01
244,suleja,0,NG,1547254800,46,9.18,7.18,71.6,4.7
245,ayagoz,64,KZ,1547260794,78,47.96,80.43,9.47,2.15
246,conceicao do mato dentro,44,BR,1547260794,86,-19.04,-43.42,68.24,6.4
247,margate,0,AU,1547258400,22,-43.03,147.26,75.2,19.46
248,cherskiy,24,RU,1547259453,46,68.75,161.3,-15.46,2.71
249,lompoc,75,US,1547259300,71,34.64,-120.46,59.0,12.75
250,champasak,75,LA,1547258400,69,14.89,105.88,78.8,2.24
251,vardo,1,US,1547258100,50,39.62,-77.74,28.4,3.36
252,kloulklubed,75,PW,1547257800,74,7.04,134.26,84.2,12.75
253,iqaluit,20,CA,1547258400,68,63.75,-68.52,-18.41,21.92
254,merauke,80,ID,1547259642,99,-8.49,140.4,83.81,5.5
255,dibai,24,IN,1547260795,88,28.21,78.26,48.62,2.82
256,bushenyi,24,UG,1547260795,81,-0.54,30.19,56.41,2.82
257,ancud,90,CL,1547258400,100,-41.87,-73.83,53.6,9.17
258,pangnirtung,64,CA,1547259640,53,66.15,-65.72,-18.43,3.15
259,zyryanka,0,RU,1547260796,69,65.73,150.89,-35.94,2.26
260,havre-saint-pierre,90,CA,1547258400,86,50.23,-63.6,26.6,20.8
261,borzya,68,RU,1547260796,83,50.39,116.53,1.64,4.61
262,nalut,0,LY,1547260796,94,31.86,10.98,34.54,8.41
263,codrington,0,AU,1547258400,38,-28.95,153.24,89.6,8.05
264,kuusamo,90,FI,1547259600,85,65.96,29.19,24.8,18.34
265,ulladulla,0,AU,1547258400,52,-35.36,150.48,89.6,10.29
266,sabha,0,LY,1547260796,67,27.03,14.43,37.64,12.77
267,sistranda,75,NO,1547257800,100,63.73,8.83,37.4,17.22
268,caldas novas,8,BR,1547260797,80,-17.75,-48.62,71.21,3.71
269,tuktoyaktuk,90,CA,1547254800,75,69.44,-133.03,-14.81,10.29
270,longyearbyen,20,NO,1547257800,55,78.22,15.63,8.6,21.92
271,kruisfontein,8,ZA,1547259581,87,-34.0,24.73,63.83,20.71
272,muzhi,76,RU,1547260797,71,65.4,64.7,-10.51,13.89
273,los alamos,90,US,1547258100,100,35.88,-106.3,33.08,1.48
274,aripuana,56,BR,1547260797,91,-9.17,-60.63,75.44,2.26
275,mollendo,36,PE,1547260797,94,-17.03,-72.02,56.95,2.93
276,collie,0,AU,1547260798,24,-33.36,116.15,92.41,4.72
277,saskylakh,36,RU,1547259615,0,71.97,114.09,-43.18,3.6
278,barao de melgaco,20,BR,1547258400,94,-16.19,-55.97,73.4,2.24
279,anqing,56,CN,1547260796,100,30.51,117.04,43.94,0.92
280,pandan,100,PH,1547260798,100,11.72,122.09,75.62,12.66
281,rantepao,64,ID,1547260798,92,-2.97,119.9,75.17,2.04
282,nan,90,TH,1547258400,100,18.78,100.78,68.0,1.12
283,sechura,12,PE,1547259641,75,-5.56,-80.82,75.4,11.43
284,baykit,32,RU,1547260235,73,61.68,96.39,-17.49,2.93
285,cabedelo,75,BR,1547258400,78,-6.97,-34.84,78.8,8.05
286,carauari,8,BR,1547260799,75,-4.88,-66.9,79.67,5.61
287,freeport,80,BS,1547260611,100,26.54,-78.7,71.44,14.79
288,benghazi,0,LY,1547260799,100,32.12,20.07,61.49,5.39
289,jinchang,0,CN,1547260799,50,38.52,102.19,9.56,2.82
290,paita,44,PE,1547260799,70,-5.09,-81.11,75.67,7.85
291,agadez,0,NE,1547260800,62,16.97,7.99,51.68,3.04
292,wukari,8,NG,1547260800,66,7.87,9.78,65.99,3.6
293,ogori,8,NG,1547260800,68,7.33,7.84,67.79,2.71
294,namatanai,36,PG,1547260800,93,-3.66,152.44,85.61,15.01
295,wuda,0,CN,1547260800,66,39.5,106.72,19.6,4.61
296,yenagoa,8,NG,1547260800,94,4.92,6.26,74.32,5.28
297,warrington,75,GB,1547259600,93,53.39,-2.59,48.2,20.8
298,itoman,75,JP,1547258400,73,26.12,127.67,73.4,17.22
299,sault sainte marie,90,CA,1547258400,76,46.49,-84.36,12.02,3.36
300,vila velha,40,BR,1547258400,83,-3.71,-38.6,80.6,6.93
301,akdepe,90,TM,1547258400,80,42.05,59.39,32.0,6.93
302,alofi,24,NU,1547258400,70,-19.06,-169.92,84.2,19.46
303,tabas,0,IR,1547258400,54,33.6,56.92,30.2,4.7
304,isangel,0,VU,1547259636,100,-19.55,169.27,79.9,4.61
305,bathsheba,40,BB,1547258400,74,13.22,-59.52,78.8,13.87
306,tucurui,92,BR,1547260802,100,-3.77,-49.67,71.03,2.59
307,petropavlovsk-kamchatskiy,40,RU,1547258400,64,53.05,158.65,33.8,20.13
308,lilongwe,92,MW,1547260802,99,-13.97,33.79,67.34,3.71
309,zhangye,0,CN,1547260802,51,38.94,100.46,14.06,3.15
310,velikooktyabrskiy,80,RU,1547260803,89,57.43,33.81,18.74,15.23
311,dobson,1,US,1547259900,52,36.4,-80.72,34.7,4.7
312,thinadhoo,80,MV,1547260803,100,0.53,72.93,80.57,6.29
313,moron,12,VE,1547259655,94,10.49,-68.2,64.06,2.37
314,mugur-aksy,36,RU,1547260803,75,50.38,90.44,-12.54,4.05
315,half moon bay,75,US,1547258400,87,37.46,-122.43,59.0,8.05
316,luderitz,24,NA,1547259585,91,-26.65,15.16,57.67,4.5
317,coihaique,90,CL,1547258400,76,-45.58,-72.07,53.6,5.82
318,marsa matruh,0,EG,1547258400,61,31.35,27.25,46.4,9.17
319,bunbury,75,GB,1547259600,93,53.12,-2.65,48.2,20.8
320,tiarei,90,PF,1547258400,70,-17.53,-149.33,84.2,18.34
321,douglas,1,US,1547258160,63,31.34,-109.55,46.94,10.29
322,sisimiut,0,GL,1547260290,100,66.94,-53.67,-21.04,3.15
323,shu,88,KZ,1547260804,95,43.6,73.76,25.31,6.17
324,tacoronte,0,ES,1547258400,81,28.48,-16.41,60.8,10.29
325,mahibadhoo,36,MV,1547260805,100,3.78,72.97,81.61,8.75
326,capreol,90,CA,1547258400,60,46.71,-80.92,5.0,3.36
327,hirara,75,JP,1547258400,100,24.8,125.28,73.4,6.93
328,rogaska slatina,88,SI,1547258400,79,46.24,15.64,28.4,4.7
329,timra,20,SE,1547259600,64,62.49,17.33,33.8,9.17
330,axim,20,GH,1547260363,100,4.87,-2.24,82.15,8.08
331,euclides da cunha,0,BR,1547260805,76,-10.51,-39.01,73.46,7.96
332,itarema,80,BR,1547260248,96,-2.92,-39.92,74.81,3.83
333,beyneu,80,KZ,1547260806,96,45.32,55.19,23.47,8.75
334,mountain home,1,US,1547258280,100,43.13,-115.69,37.04,9.17
335,san ramon de la nueva oran,88,AR,1547260806,92,-23.13,-64.33,68.65,2.71
336,bredy,76,RU,1547260806,80,52.43,60.33,3.76,8.63
337,jadu,24,LY,1547260806,87,31.95,12.03,37.69,16.02
338,mutis,56,CO,1547260807,100,6.23,-77.4,78.55,2.71
339,port-gentil,68,GA,1547260566,100,-0.72,8.78,77.2,4.72
340,uarini,0,BR,1547260807,74,-2.98,-65.16,79.36,6.96
341,krasnoturansk,20,RU,1547258400,84,54.32,91.57,-0.41,2.24
342,parksville,1,US,1547259300,77,33.79,-82.22,35.6,3.36
343,porto walter,76,BR,1547260807,93,-8.27,-72.74,75.89,1.59
344,baruun-urt,0,MN,1547260807,63,46.68,113.28,6.68,7.63
345,clyde river,1,CA,1547257200,74,70.47,-68.59,-27.41,5.82
346,kavieng,64,PG,1547259454,100,-2.57,150.8,81.97,7.85
347,gat,0,SN,1547258400,68,14.69,-16.54,68.0,14.99
348,kaitangata,0,NZ,1547259589,72,-46.28,169.85,62.8,9.53
349,qiongshan,75,CN,1547258400,88,20.01,110.35,73.4,8.95
350,lodja,80,CD,1547260808,89,-3.52,23.6,72.7,0.58
351,bastia,0,IT,1547259600,30,44.6,8.98,41.0,8.05
352,stephenville,90,US,1547260500,94,32.22,-98.2,55.04,11.41
353,nouakchott,0,MR,1547258400,11,18.08,-15.98,59.0,4.7
354,tigil,0,RU,1547260809,81,57.8,158.67,22.75,14.0
355,bubaque,76,GW,1547260336,100,11.28,-15.83,78.14,4.72
356,pilar,0,AR,1547258400,64,-34.46,-58.91,71.6,8.05
357,zatyshshya,0,UA,1547260809,81,47.33,29.87,5.96,6.17
358,kavaratti,12,IN,1547260809,100,10.57,72.64,81.29,9.75
359,sept-iles,90,CA,1547258400,79,50.2,-66.38,23.0,6.93
360,srednekolymsk,36,RU,1547259657,49,67.46,153.71,-29.86,2.59
361,lorengau,68,PG,1547259414,98,-2.02,147.27,83.77,13.33
362,havoysund,90,NO,1547259600,100,71.0,24.66,33.8,62.19
363,kaseda,75,JP,1547258400,100,31.42,130.32,50.0,5.82
364,tucuman,68,PE,1547260810,95,-17.17,-70.89,56.81,1.81
365,kovur,0,IN,1547260810,87,14.5,79.99,70.36,4.72
366,bom jesus da lapa,0,BR,1547260810,64,-13.25,-43.41,73.69,8.75
367,vilcun,0,CL,1547258400,87,-38.65,-72.23,51.8,4.7
368,brae,92,GB,1547259600,87,60.4,-1.35,46.4,20.8
369,wilmington,1,US,1547259300,33,39.75,-75.55,28.76,7.63
370,basmat,0,IN,1547260811,82,19.33,77.16,64.46,7.18
371,belmonte,0,PT,1547260811,85,40.36,-7.35,27.74,4.61
372,mendoza,0,AR,1547258400,47,-32.89,-68.84,75.2,4.7
373,madimba,75,CM,1547258400,100,4.42,9.93,78.8,4.7
374,batemans bay,0,AU,1547260811,51,-35.71,150.18,87.23,3.15
375,santa marinella,0,IT,1547259600,59,42.04,11.87,35.6,8.05
376,sabang,80,PH,1547260812,96,13.72,123.58,77.65,12.88
377,baoqing,8,CN,1547260812,38,46.32,132.2,20.5,3.71
378,benicarlo,0,ES,1547260812,100,40.42,0.43,48.76,6.96
379,deputatskiy,0,RU,1547260812,0,69.3,139.9,-39.99,2.59
380,zarinsk,88,RU,1547260813,81,53.71,84.95,-1.78,5.84
381,oistins,40,BB,1547258400,74,13.07,-59.53,78.8,13.87
382,moerai,92,PF,1547260813,100,-22.43,-151.33,76.07,8.41
383,kalmunai,88,LK,1547260813,100,7.42,81.82,74.05,6.4
384,nanchang,68,CN,1547260813,100,28.68,115.89,44.84,3.94
385,taltal,20,CL,1547259603,100,-25.41,-70.49,53.03,1.7
386,sao gabriel da cachoeira,20,BR,1547260321,89,-0.13,-67.09,76.84,2.15
387,saint-denis,90,FR,1547258400,93,48.94,2.36,42.8,4.7
388,lichinga,76,MZ,1547260814,98,-13.3,35.25,66.49,2.71
389,goure,0,NE,1547260814,62,13.98,10.27,59.11,5.61
390,severodvinsk,90,RU,1547258400,92,64.56,39.82,23.0,13.42
391,salalah,0,OM,1547257800,28,17.01,54.1,73.4,16.11
392,pitimbu,75,BR,1547258400,78,-7.47,-34.81,78.8,8.05
393,lengshuijiang,80,CN,1547260814,100,27.66,111.45,37.96,1.03
394,adrar,0,DZ,1547258400,48,27.87,-0.29,42.8,14.99
395,sur,0,OM,1547260175,100,22.57,59.53,70.31,16.35
396,qaqortoq,75,GL,1547257800,55,60.72,-46.03,37.4,25.28
397,tias,0,ES,1547258400,67,28.96,-13.65,64.4,8.05
398,bonthe,0,SL,1547260323,85,7.53,-12.5,79.27,4.94
399,teya,0,MX,1547260815,65,21.05,-89.07,68.29,6.29
400,fort nelson,90,CA,1547258400,83,58.81,-122.69,-4.01,3.36
401,aqtobe,0,KZ,1547258400,85,50.28,57.21,12.2,8.95
402,kudahuvadhoo,20,MV,1547260815,100,2.67,72.89,79.99,9.42
403,lasa,0,CY,1547258400,76,34.92,32.53,50.0,8.05
404,adjumani,0,UG,1547260816,46,3.38,31.79,67.12,6.62
405,los llanos de aridane,12,ES,1547258400,63,28.66,-17.92,64.4,6.93
406,imbituba,40,BR,1547258400,78,-28.24,-48.67,78.8,6.93
407,deer lake,90,CA,1547258400,79,49.18,-57.43,28.4,17.22
408,dhadar,48,IN,1547260816,66,28.33,75.06,52.9,6.51
409,armstrong,40,CA,1547258400,92,50.44,-119.19,33.8,2.24
410,brewster,1,US,1547258160,41,41.76,-70.08,23.0,8.05
411,port hardy,90,CA,1547254800,81,50.7,-127.42,48.2,19.46
412,caucaia,40,BR,1547258400,83,-3.73,-38.66,80.6,6.93
413,meiktila,0,MM,1547260817,74,20.88,95.86,72.92,4.5
414,esperance,20,TT,1547258400,88,10.24,-61.45,75.2,4.7
415,bella union,68,CO,1547260817,84,8.5,-73.35,66.85,2.26
416,riverton,90,US,1547258640,96,43.02,-108.38,28.04,2.48
417,walvis bay,8,NA,1547258400,87,-22.95,14.51,60.8,3.36
418,san quintin,12,PH,1547260340,62,17.54,120.52,79.76,3.04
419,ca mau,76,VN,1547260818,77,9.18,105.15,83.63,15.46
420,ust-ishim,56,RU,1547260818,75,57.69,71.17,-6.6,2.93
421,mwingi,0,KE,1547260818,69,-0.93,38.07,59.42,4.5
422,bowen,75,AU,1547258400,69,-20.01,148.25,80.6,17.22
423,kletnya,40,RU,1547258400,91,53.39,33.22,3.2,6.71
424,katherine,0,AU,1547258400,62,-14.47,132.26,89.6,5.82
425,puerto escondido,0,MX,1547260378,100,15.86,-97.07,80.89,4.94
426,dongli,90,CN,1547258400,93,24.18,117.61,62.6,4.47
427,tombouctou,0,ML,1547260346,38,16.77,-3.01,58.34,9.75
428,kichera,8,RU,1547260819,69,55.93,110.1,-11.55,1.92
429,mizdah,20,LY,1547260819,81,31.45,12.98,40.16,20.49
430,ternate,20,PH,1547258400,62,14.29,120.72,86.0,4.7
431,alakurtti,68,RU,1547260819,92,66.96,30.34,20.54,4.05
432,yar-sale,48,RU,1547259608,74,66.83,70.83,-11.05,18.03
433,palmer,0,AU,1547258400,27,-34.85,139.16,87.8,11.41
434,feijo,75,EC,1547258400,78,-3.63,-79.92,89.6,2.24
435,constitucion,0,MX,1547260008,53,23.99,-104.67,51.64,7.18
436,millinocket,1,US,1547258160,62,45.66,-68.71,3.92,16.11
437,sao mateus,92,BR,1547260820,92,-18.72,-39.86,79.45,7.18
438,casablanca,0,MA,1547258400,100,33.6,-7.62,44.6,4.7
439,cloquet,90,US,1547260500,79,46.72,-92.46,26.6,9.19
440,yerbogachen,44,RU,1547259612,60,61.28,108.01,-7.5,6.96
441,nakambala,92,ZM,1547260821,100,-15.83,27.78,65.99,4.38
442,pauini,64,BR,1547260821,99,-7.71,-67.0,72.92,2.48
443,kyren,0,RU,1547260821,56,51.68,102.13,-14.74,1.92
444,takoradi,12,GH,1547260078,100,4.89,-1.75,80.44,4.38
445,nabire,64,ID,1547260317,87,-3.36,135.5,77.69,2.59
446,san pedro de macoris,40,DO,1547258400,88,18.46,-69.3,71.6,4.7
447,kozlovka,75,RU,1547258400,85,55.84,48.25,12.2,11.18
448,soe,0,EE,1547257800,86,57.91,26.05,28.4,11.41
449,rajpura,0,IN,1547260822,73,30.48,76.59,43.81,2.37
450,college,20,US,1547258280,68,64.86,-147.8,-37.48,2.71
451,kamennogorsk,20,RU,1547259600,92,60.95,29.13,28.4,10.29
452,ahipara,36,NZ,1547259600,59,-35.17,173.16,77.47,9.75
453,pingliang,44,CN,1547260823,54,35.54,106.68,25.27,3.71
454,okoneshnikovo,80,RU,1547260823,79,54.84,75.08,2.05,4.61
455,ballina,92,IE,1547260279,99,54.11,-9.15,46.87,17.02
456,port hedland,0,AU,1547258400,63,-20.31,118.58,91.4,16.11
457,benjamin aceval,75,PY,1547258400,88,-24.97,-57.57,73.4,9.17
458,port macquarie,12,AU,1547258400,40,-31.43,152.91,87.8,9.17
459,carora,76,VE,1547260823,60,10.17,-70.08,75.31,3.6
460,road town,20,VG,1547258400,83,18.42,-64.62,73.94,7.63
461,coquimbo,0,CL,1547258400,82,-29.95,-71.34,59.0,4.7
462,yadrin,76,RU,1547260824,84,55.94,46.2,12.31,8.75
463,banda aceh,8,ID,1547260052,82,5.56,95.32,82.06,4.72
464,awbari,0,LY,1547260314,67,26.59,12.77,36.47,8.97
465,khabary,68,RU,1547260824,71,53.63,79.53,-5.83,7.4
466,vila franca do campo,20,PT,1547258400,82,37.72,-25.43,59.0,19.46
467,manavalakurichi,20,IN,1547258400,88,8.13,77.3,77.0,2.24
468,toora-khem,44,RU,1547260824,67,52.47,96.11,-12.4,2.15
469,edmundston,90,CA,1547258040,65,47.36,-68.33,5.0,10.29
470,nelson bay,0,AU,1547258400,49,-32.72,152.14,89.6,6.93
471,alyangula,40,AU,1547258400,66,-13.85,136.42,89.6,5.82
472,boyuibe,0,BO,1547260825,94,-20.43,-63.28,63.34,4.27
473,pasil,8,PH,1547260825,64,17.39,121.16,75.04,2.59
474,los lunas,40,US,1547257920,64,34.81,-106.76,39.92,11.41
475,kieta,20,PG,1547259592,100,-6.22,155.63,82.46,2.15
476,sarkand,92,KZ,1547260725,81,45.41,79.91,16.58,3.04
477,movileni,48,RO,1547258400,92,45.4,27.97,26.6,2.24
478,selfoss,90,IS,1547258400,95,63.94,-21.0,37.4,23.04
479,lavrentiya,24,RU,1547260321,99,65.58,-170.99,-8.71,27.31
480,palana,8,RU,1547260374,68,59.08,159.95,22.88,7.96
481,trincomalee,92,LK,1547260826,89,8.58,81.23,77.47,7.63
482,dogbo,12,CM,1547260826,67,4.43,14.33,64.64,5.61
483,lazaro cardenas,0,MX,1547260346,52,28.39,-105.62,47.77,7.63
484,bambanglipuro,0,ID,1547260826,83,-7.95,110.28,84.49,4.38
485,poykovskiy,75,RU,1547258400,74,61.23,73.33,-25.61,2.24
486,atasu,36,KZ,1547260827,80,48.68,71.64,-2.05,7.07
487,myanaung,20,MM,1547260827,74,18.28,95.32,76.52,6.51
488,stutterheim,0,ZA,1547260827,68,-32.57,27.43,60.37,5.06
489,pekin,90,US,1547259300,68,40.57,-89.64,31.64,4.7
490,katima mulilo,36,NA,1547260828,89,-17.5,24.28,69.19,3.71
491,jalu,0,LY,1547260828,40,29.03,21.55,47.09,11.43
492,hobyo,76,SO,1547259460,81,5.35,48.53,76.12,18.7
493,seoul,56,KR,1547258400,44,37.57,126.98,39.2,1.12
494,yalutorovsk,0,RU,1547260828,71,56.65,66.31,1.42,7.4
495,kargil,68,PK,1547260828,80,34.56,76.13,-2.32,0.58
496,rocha,80,UY,1547260236,77,-34.48,-54.34,60.19,5.73
497,ahuimanu,75,US,1547258220,73,21.44,-157.84,78.98,5.82
498,mumford,32,GH,1547260353,94,5.26,-0.76,77.47,5.06
499,normandin,75,CA,1547258400,64,48.84,-72.53,-2.21,8.05
500,la ronge,75,CA,1547258400,77,55.1,-105.3,3.2,11.41
501,kupang,56,ID,1547260829,85,-10.16,123.6,86.11,6.96
502,matagami,0,NG,1547259617,40,9.67,8.4,61.22,7.4
503,pitiquito,20,MX,1547260829,83,30.68,-112.05,48.44,2.71
504,nybro,0,SE,1547259600,64,56.75,15.91,33.8,6.93
505,calama,0,CL,1547258400,50,-22.46,-68.93,55.4,14.99
506,chabahar,0,IR,1547260829,100,25.29,60.65,67.43,13.22
507,san luis,0,AR,1547260830,46,-33.3,-66.34,73.73,11.99
508,santiago del estero,32,AR,1547260830,92,-27.8,-64.26,66.62,5.17
509,angoche,88,MZ,1547260830,100,-16.23,39.91,77.87,15.23
510,buala,92,SB,1547260389,90,-8.15,159.59,83.95,4.94
511,sorland,64,NO,1547260327,100,67.67,12.69,38.54,24.29
512,ihosy,80,MG,1547260831,95,-22.4,46.13,66.94,2.82
513,kargat,48,RU,1547260832,81,55.19,80.28,-1.33,6.96
514,labuhan,32,ID,1547260832,73,-2.54,115.51,85.97,3.15
515,mana,75,RS,1547260200,92,43.52,20.24,19.4,1.12
516,ust-barguzin,48,RU,1547260832,82,53.41,109.03,2.05,4.16
517,yagodnoye,20,RU,1547260832,70,62.52,149.63,-17.89,3.27
518,roald,88,NO,1547257800,100,62.58,6.12,37.4,10.29
519,yaypan,64,UZ,1547260833,86,40.38,70.82,27.11,3.6
520,cockburn town,12,TC,1547259635,100,21.46,-71.14,76.75,13.78
521,ukiah,90,US,1547258160,89,39.15,-123.21,51.98,6.96
522,rundu,20,NA,1547260833,29,-17.91,19.77,76.12,7.96
523,teluknaga,40,ID,1547258400,74,-6.1,106.64,84.2,6.93
524,bukoba,80,TZ,1547260833,96,-1.33,31.81,71.39,2.93
525,bozhou,0,CN,1547260834,79,33.86,115.78,42.91,5.39
526,amsterdam,75,NL,1547259900,93,52.37,4.89,44.6,12.75
527,grand gaube,40,MU,1547258400,88,-20.01,57.66,78.8,6.93
528,antalaha,92,MG,1547259619,95,-14.9,50.28,78.14,1.36
529,biograd na moru,0,HR,1547258400,85,43.94,15.45,19.4,4.7
530,nanakuli,40,US,1547258220,59,21.39,-158.15,78.98,10.29
531,nakasongola,12,UG,1547260835,78,1.32,32.46,63.61,7.52
532,cochrane,0,CL,1547260835,43,-47.25,-72.57,41.96,6.73
533,port blair,24,IN,1547259655,100,11.67,92.75,79.54,7.4
534,faya,0,SA,1547258400,93,18.39,42.45,51.8,2.71
535,liliani,92,PK,1547260835,98,32.21,72.95,51.23,7.63
536,asyut,0,EG,1547258400,70,27.18,31.19,46.4,2.93
537,olhao,0,PT,1547258400,42,37.03,-7.84,46.4,9.17
538,saint-joseph,0,FR,1547258400,74,43.56,6.97,39.2,4.7
539,rabaul,20,PG,1547260836,100,-4.2,152.17,83.72,3.71
540,kovdor,48,RU,1547260298,81,67.56,30.47,15.19,2.37
541,port shepstone,0,ZA,1547260836,73,-30.74,30.45,75.22,25.86
542,changji,44,CN,1547260836,94,32.07,116.17,44.17,3.94
543,ambon,90,FR,1547256600,87,47.55,-2.56,44.6,8.05
544,jacareacanga,44,BR,1547260837,92,-6.22,-57.76,72.97,2.15
545,mezen,76,RU,1547260335,76,65.85,44.24,20.36,10.65
546,brockville,1,CA,1547260500,82,44.59,-75.69,1.76,4.05
547,sitka,92,US,1547259455,100,37.17,-99.65,35.39,18.03
548,ostrovnoy,88,RU,1547260289,89,68.05,39.51,21.53,10.65
549,aquiraz,40,BR,1547258400,83,-3.9,-38.39,80.6,6.93
550,tono,40,JP,1547258400,48,39.35,141.52,41.0,3.36
551,skibbereen,75,IE,1547260200,93,51.55,-9.27,46.4,6.93
552,kahului,40,US,1547258160,56,20.89,-156.47,84.02,10.29
553,novyye lyady,90,RU,1547258400,78,58.05,56.6,12.2,8.95
554,virginia beach,1,US,1547259600,65,36.85,-75.98,37.04,6.62
555,north bend,1,US,1547258160,85,43.41,-124.22,51.08,6.93
556,mayo,90,CA,1547258400,75,63.59,-135.9,-20.21,2.48
557,neuquen,0,AR,1547258400,15,-38.95,-68.06,73.4,11.41
558,san joaquin,20,PH,1547260838,70,10.59,122.14,82.64,10.65
559,whitefish,90,US,1547258100,95,48.41,-114.33,32.0,1.81
560,inongo,64,CD,1547260839,100,-1.93,18.29,71.17,2.48
561,pacasmayo,88,PE,1547260839,94,-7.4,-79.57,71.84,13.89
562,katete,24,UG,1547260839,81,-0.78,29.75,56.41,2.82
563,turangi,24,NZ,1547260839,70,-39.0,175.93,69.46,7.4
564,rio gallegos,0,AR,1547258400,42,-51.62,-69.22,48.2,18.34
565,matamoros,75,US,1547259300,93,25.87,-97.51,70.52,11.41
566,rio grande,92,BR,1547260296,94,-32.03,-52.1,72.56,10.87
567,tabou,0,CI,1547260840,100,4.42,-7.36,81.11,0.69
568,bilma,0,NE,1547260840,52,18.69,12.92,47.14,3.49
569,xichang,0,CN,1547260840,23,27.88,102.25,52.0,1.48
570,erenhot,0,CN,1547260840,69,43.65,111.97,13.3,13.11
571,abong mbang,12,CM,1547260840,68,3.98,13.18,63.29,2.93
572,hosanagara,8,IN,1547260840,81,13.92,75.07,67.88,2.59
573,yate,90,GB,1547260020,100,51.54,-2.41,48.2,14.99
574,ligayan,76,PH,1547260841,100,4.65,119.47,82.19,7.74
575,lobva,0,RU,1547260841,84,59.19,60.52,11.05,7.07
576,iranshahr,0,IR,1547258400,28,27.21,60.69,44.6,1.48
577,umm kaddadah,0,SD,1547259604,37,13.6,26.69,54.25,8.75
578,fastovetskaya,92,RU,1547260842,97,45.92,40.15,41.74,14.79
579,doha,0,QA,1547258400,67,25.29,51.53,59.0,10.29
580,inhambane,48,MZ,1547260387,99,-23.87,35.38,79.67,11.54
581,ziro,0,IN,1547260842,76,27.54,93.82,45.56,1.59
582,yanji,32,CN,1547260842,61,42.89,129.5,27.61,2.71
583,loralai,0,PK,1547260842,59,30.37,68.6,19.46,4.16
584,richards bay,0,ZA,1547260192,60,-28.77,32.06,81.38,6.96
